{
  // I would have the freeze_account and account_blocked merged together 
  // since there's quite an overlap in language.
  "freeze_account": {
    "precision": 0.9367088607594937,
    "recall": 0.9135802469135802,
    "f1-score": 0.9249999999999999,
    "support": 81,
    "confused_with": {
      "account_blocked": 6,
      "cancel_account": 1
    }
  },
  "identity_verification": {
    "precision": 0.9693877551020408,
    "recall": 0.9595959595959596,
    "f1-score": 0.964467005076142,
    "support": 99,
    "confused_with": {
      "account_edit_personal_details": 2,
      "cancel_account": 1
    }
  },
  "account_edit_personal_details": {
    "precision": 0.9727272727272728,
    "recall": 0.981651376146789,
    "f1-score": 0.9771689497716896,
    "support": 109,
    "confused_with": {
      "identity_verification": 2
    }
  },
  "cancel_account": {
    "precision": 0.967741935483871,
    "recall": 0.9473684210526315,
    "f1-score": 0.9574468085106383,
    "support": 95,
    "confused_with": {
      "card_activate": 3,
      "freeze_account": 1
    }
  },
  "account_login_password": {
    "precision": 0.9761904761904762,
    "recall": 0.9761904761904762,
    "f1-score": 0.9761904761904762,
    "support": 84,
    "confused_with": {
      "account_edit_personal_details": 1,
      "account_blocked": 1
    }
  },
  "account_age_limit": {
    "precision": 0.9880952380952381,
    "recall": 0.9764705882352941,
    "f1-score": 0.9822485207100591,
    "support": 85,
    "confused_with": {
      "order_new_card": 1,
      "identity_verification": 1
    }
  },
  "account_blocked": {
    "precision": 0.9259259259259259,
    "recall": 0.9259259259259259,
    "f1-score": 0.9259259259259259,
    "support": 108,
    "confused_with": {
      "freeze_account": 4,
      "account_login_password": 2
    }
  },
  "micro avg": {
    "precision": 0.961890243902439,
    "recall": 0.9546142208774584,
    "f1-score": 0.9582384206529992,
    "support": 661
  },
  "macro avg": {
    "precision": 0.9623967806120454,
    "recall": 0.9543975705800937,
    "f1-score": 0.9583496694549901,
    "support": 661
  },
  "weighted avg": {
    "precision": 0.9618663499439587,
    "recall": 0.9546142208774584,
    "f1-score": 0.9581954918252918,
    "support": 661
  }
}