{
  "account_login_password": {
    "precision": 0.9647058823529412,
    "recall": 0.9761904761904762,
    "f1-score": 0.9704142011834319,
    "support": 84,
    "confused_with": {
      "account_edit_personal_details": 1,
      "account_blocked": 1
    }
  },
  "account_edit_personal_details": {
    "precision": 0.963963963963964,
    "recall": 0.981651376146789,
    "f1-score": 0.9727272727272728,
    "support": 109,
    "confused_with": {
      "identity_verification": 2
    }
  },
  "identity_verification": {
    "precision": 0.9696969696969697,
    "recall": 0.9696969696969697,
    "f1-score": 0.9696969696969697,
    "support": 99,
    "confused_with": {
      "account_edit_personal_details": 2,
      "cancel_account": 1
    }
  },
  "freeze_account": {
    "precision": 0.8928571428571429,
    "recall": 0.9259259259259259,
    "f1-score": 0.9090909090909091,
    "support": 81,
    "confused_with": {
      "account_blocked": 5,
      "cancel_account": 1
    }
  },
  "cancel_account": {
    "precision": 0.967032967032967,
    "recall": 0.9263157894736842,
    "f1-score": 0.946236559139785,
    "support": 95,
    "confused_with": {
      "freeze_account": 5,
      "account_edit_personal_details": 1
    }
  },
  "account_blocked": {
    "precision": 0.9433962264150944,
    "recall": 0.9259259259259259,
    "f1-score": 0.9345794392523364,
    "support": 108,
    "confused_with": {
      "freeze_account": 4,
      "account_login_password": 3
    }
  },
  "account_age_limit": {
    "precision": 0.9882352941176471,
    "recall": 0.9882352941176471,
    "f1-score": 0.9882352941176471,
    "support": 85,
    "confused_with": {
      "identity_verification": 1
    }
  },
  "accuracy": 0.9561270801815431,
  "macro avg": {
    "precision": 0.9556983494909609,
    "recall": 0.9562773939253454,
    "f1-score": 0.9558543778869073,
    "support": 661
  },
  "weighted avg": {
    "precision": 0.9564050213042508,
    "recall": 0.9561270801815431,
    "f1-score": 0.9561353734048056,
    "support": 661
  },
  "micro avg": {
    "precision": 0.9561270801815431,
    "recall": 0.9561270801815431,
    "f1-score": 0.9561270801815431,
    "support": 661
  }
}